academic_author
academic_cite
academic_conference
academic_domain
academic_domain_author
academic_domain_conference
academic_domain_journal
academic_domain_keyword
academic_domain_publication
academic_journal
academic_keyword
academic_organization
academic_publication
academic_publication_keyword
academic_writes
activity_1_Activity
activity_1_Faculty
activity_1_Faculty_Participates_in
activity_1_Participates_in
activity_1_Student
aircraft_aircraft
aircraft_airport
aircraft_airport_aircraft
aircraft_match
aircraft_pilot
allergy_1_Allergy_Type
allergy_1_Has_Allergy
allergy_1_Student
apartment_rentals_Apartment_Bookings
apartment_rentals_Apartment_Buildings
apartment_rentals_Apartment_Facilities
apartment_rentals_Apartments
apartment_rentals_Guests
apartment_rentals_View_Unit_Status
architecture_architect
architecture_bridge
architecture_mill
assets_maintenance_Asset_Parts
assets_maintenance_Assets
assets_maintenance_Engineer_Skills
assets_maintenance_Engineer_Visits
assets_maintenance_Fault_Log
assets_maintenance_Fault_Log_Parts
assets_maintenance_Maintenance_Contracts
assets_maintenance_Maintenance_Engineers
assets_maintenance_Part_Faults
assets_maintenance_Parts
assets_maintenance_Skills
assets_maintenance_Skills_Required_To_Fix
assets_maintenance_Staff
assets_maintenance_Third_Party_Companies
baseball_1_all_star
baseball_1_appearances
baseball_1_batting
baseball_1_batting_postseason
baseball_1_college
baseball_1_fielding
baseball_1_fielding_outfield
baseball_1_fielding_postseason
baseball_1_hall_of_fame
baseball_1_home_game
baseball_1_manager
baseball_1_manager_award
baseball_1_manager_award_vote
baseball_1_manager_half
baseball_1_park
baseball_1_pitching
baseball_1_pitching_postseason
baseball_1_player
baseball_1_player_award
baseball_1_player_award_vote
baseball_1_player_college
baseball_1_postseason
baseball_1_salary
baseball_1_team
baseball_1_team_franchise
baseball_1_team_half
battle_death_battle
battle_death_death
battle_death_ship
behavior_monitoring_Addresses
behavior_monitoring_Assessment_Notes
behavior_monitoring_Behavior_Incident
behavior_monitoring_Detention
behavior_monitoring_Ref_Address_Types
behavior_monitoring_Ref_Detention_Type
behavior_monitoring_Ref_Incident_Type
behavior_monitoring_Student_Addresses
behavior_monitoring_Students
behavior_monitoring_Students_in_Detention
behavior_monitoring_Teachers
bike_1_station
bike_1_status
bike_1_trip
bike_1_weather
body_builder_body_builder
body_builder_people
book_2_book
book_2_publication
browser_web_Web_client_accelerator
browser_web_accelerator_compatible_browser
browser_web_browser
candidate_poll_candidate
candidate_poll_people
car_1_car_makers
car_1_car_names
car_1_cars_data
car_1_continents
car_1_countries
car_1_model_list
chinook_1_Album
chinook_1_Artist
chinook_1_Customer
chinook_1_Employee
chinook_1_Genre
chinook_1_Invoice
chinook_1_InvoiceLine
chinook_1_MediaType
chinook_1_Playlist
chinook_1_PlaylistTrack
chinook_1_Track
cinema_cinema
cinema_film
cinema_schedule
city_record_city
city_record_hosting_city
city_record_match
city_record_temperature
climbing_climber
climbing_mountain
club_1_Club
club_1_Member_of_club
club_1_Student
coffee_shop_happy_hour
coffee_shop_happy_hour_member
coffee_shop_member
coffee_shop_shop
college_1_CLASS
college_1_COURSE
college_1_DEPARTMENT
college_1_EMPLOYEE
college_1_ENROLL
college_1_PROFESSOR
college_1_STUDENT
college_2_advisor
college_2_classroom
college_2_course
college_2_department
college_2_instructor
college_2_prereq
college_2_section
college_2_student
college_2_takes
college_2_teaches
college_2_time_slot
college_3_Course
college_3_Department
college_3_Enrolled_in
college_3_Faculty
college_3_Gradeconversion
college_3_Member_of
college_3_Minor_in
college_3_Student
company_1_department
company_1_dependent
company_1_dept_locations
company_1_employee
company_1_project
company_1_works_on
company_employee_company
company_employee_employment
company_employee_people
company_office_Companies
company_office_Office_locations
company_office_buildings
concert_singer_concert
concert_singer_singer
concert_singer_singer_in_concert
concert_singer_stadium
county_public_safety_city
county_public_safety_county_public_safety
course_teach_course
course_teach_course_arrange
course_teach_teacher
cre_Doc_Control_Systems_Addresses
cre_Doc_Control_Systems_Circulation_History
cre_Doc_Control_Systems_Document_Drafts
cre_Doc_Control_Systems_Documents
cre_Doc_Control_Systems_Documents_Mailed
cre_Doc_Control_Systems_Draft_Copies
cre_Doc_Control_Systems_Employees
cre_Doc_Control_Systems_Ref_Document_Status
cre_Doc_Control_Systems_Ref_Document_Types
cre_Doc_Control_Systems_Ref_Shipping_Agents
cre_Doc_Control_Systems_Roles
cre_Doc_Template_Mgt_Documents
cre_Doc_Template_Mgt_Paragraphs
cre_Doc_Template_Mgt_Ref_Template_Types
cre_Doc_Template_Mgt_Templates
cre_Doc_Tracking_DB_All_Documents
cre_Doc_Tracking_DB_Document_Locations
cre_Doc_Tracking_DB_Documents_to_be_Destroyed
cre_Doc_Tracking_DB_Employees
cre_Doc_Tracking_DB_Ref_Calendar
cre_Doc_Tracking_DB_Ref_Document_Types
cre_Doc_Tracking_DB_Ref_Locations
cre_Doc_Tracking_DB_Roles
cre_Docs_and_Epenses_Accounts
cre_Docs_and_Epenses_Documents
cre_Docs_and_Epenses_Documents_with_Expenses
cre_Docs_and_Epenses_Projects
cre_Docs_and_Epenses_Ref_Budget_Codes
cre_Docs_and_Epenses_Ref_Document_Types
cre_Docs_and_Epenses_Statements
cre_Drama_Workshop_Groups_Addresses
cre_Drama_Workshop_Groups_Bookings
cre_Drama_Workshop_Groups_Bookings_Services
cre_Drama_Workshop_Groups_Clients
cre_Drama_Workshop_Groups_Customer_Orders
cre_Drama_Workshop_Groups_Customers
cre_Drama_Workshop_Groups_Drama_Workshop_Groups
cre_Drama_Workshop_Groups_Invoice_Items
cre_Drama_Workshop_Groups_Invoices
cre_Drama_Workshop_Groups_Marketing_Regions
cre_Drama_Workshop_Groups_Order_Items
cre_Drama_Workshop_Groups_Performers
cre_Drama_Workshop_Groups_Performers_in_Bookings
cre_Drama_Workshop_Groups_Products
cre_Drama_Workshop_Groups_Ref_Payment_Methods
cre_Drama_Workshop_Groups_Ref_Service_Types
cre_Drama_Workshop_Groups_Services
cre_Drama_Workshop_Groups_Stores
cre_Theme_park_Features
cre_Theme_park_Hotels
cre_Theme_park_Locations
cre_Theme_park_Museums
cre_Theme_park_Photos
cre_Theme_park_Ref_Attraction_Types
cre_Theme_park_Ref_Hotel_Star_Ratings
cre_Theme_park_Royal_Family
cre_Theme_park_Shops
cre_Theme_park_Staff
cre_Theme_park_Street_Markets
cre_Theme_park_Theme_Parks
cre_Theme_park_Tourist_Attraction_Features
cre_Theme_park_Tourist_Attractions
cre_Theme_park_Visitors
cre_Theme_park_Visits
csu_1_Campuses
csu_1_csu_fees
csu_1_degrees
csu_1_discipline_enrollments
csu_1_enrollments
csu_1_faculty
culture_company_book_club
culture_company_culture_company
culture_company_movie
customer_complaints_Complaints
customer_complaints_Customers
customer_complaints_Products
customer_complaints_Staff
customer_deliveries_Actual_Order_Products
customer_deliveries_Actual_Orders
customer_deliveries_Addresses
customer_deliveries_Customer_Addresses
customer_deliveries_Customers
customer_deliveries_Delivery_Route_Locations
customer_deliveries_Delivery_Routes
customer_deliveries_Employees
customer_deliveries_Order_Deliveries
customer_deliveries_Products
customer_deliveries_Regular_Order_Products
customer_deliveries_Regular_Orders
customer_deliveries_Trucks
customers_and_addresses_Addresses
customers_and_addresses_Customer_Addresses
customers_and_addresses_Customer_Contact_Channels
customers_and_addresses_Customer_Orders
customers_and_addresses_Customers
customers_and_addresses_Order_Items
customers_and_addresses_Products
customers_and_invoices_Accounts
customers_and_invoices_Customers
customers_and_invoices_Financial_Transactions
customers_and_invoices_Invoice_Line_Items
customers_and_invoices_Invoices
customers_and_invoices_Order_Items
customers_and_invoices_Orders
customers_and_invoices_Product_Categories
customers_and_invoices_Products
customers_and_products_contacts_Addresses
customers_and_products_contacts_Contacts
customers_and_products_contacts_Customer_Address_History
customers_and_products_contacts_Customer_Orders
customers_and_products_contacts_Customers
customers_and_products_contacts_Order_Items
customers_and_products_contacts_Products
customers_campaigns_ecommerce_Customer_Addresses
customers_campaigns_ecommerce_Customer_Orders
customers_campaigns_ecommerce_Customers
customers_campaigns_ecommerce_Mailshot_Campaigns
customers_campaigns_ecommerce_Mailshot_Customers
customers_campaigns_ecommerce_Order_Items
customers_campaigns_ecommerce_Premises
customers_campaigns_ecommerce_Products
customers_card_transactions_Accounts
customers_card_transactions_Customers
customers_card_transactions_Customers_Cards
customers_card_transactions_Financial_Transactions
debate_debate
debate_debate_people
debate_people
decoration_competition_college
decoration_competition_member
decoration_competition_round
department_management_department
department_management_head
department_management_management
department_store_Addresses
department_store_Customer_Addresses
department_store_Customer_Orders
department_store_Customers
department_store_Department_Store_Chain
department_store_Department_Stores
department_store_Departments
department_store_Order_Items
department_store_Product_Suppliers
department_store_Products
department_store_Staff
department_store_Staff_Department_Assignments
department_store_Supplier_Addresses
department_store_Suppliers
device_device
device_shop
device_stock
document_management_Document_Functional_Areas
document_management_Document_Sections
document_management_Document_Sections_Images
document_management_Document_Structures
document_management_Documents
document_management_Functional_Areas
document_management_Images
document_management_Roles
document_management_Users
dog_kennels_Breeds
dog_kennels_Charges
dog_kennels_Dogs
dog_kennels_Owners
dog_kennels_Professionals
dog_kennels_Sizes
dog_kennels_Treatment_Types
dog_kennels_Treatments
dorm_1_Dorm
dorm_1_Dorm_amenity
dorm_1_Has_amenity
dorm_1_Lives_in
dorm_1_Student
driving_school_Addresses
driving_school_Customer_Payments
driving_school_Customers
driving_school_Lessons
driving_school_Staff
driving_school_Vehicles
e_government_Addresses
e_government_Forms
e_government_Individuals
e_government_Organization_Contact_Individuals
e_government_Organizations
e_government_Parties
e_government_Party_Addresses
e_government_Party_Forms
e_government_Party_Services
e_government_Services
e_learning_Course_Authors_and_Tutors
e_learning_Courses
e_learning_Student_Course_Enrolment
e_learning_Student_Tests_Taken
e_learning_Students
e_learning_Subjects
election_county
election_election
election_party
election_representative_election
election_representative_representative
employee_hire_evaluation_employee
employee_hire_evaluation_evaluation
employee_hire_evaluation_hiring
employee_hire_evaluation_shop
entertainment_awards_artwork
entertainment_awards_festival_detail
entertainment_awards_nomination
entrepreneur_entrepreneur
entrepreneur_people
epinions_1_item
epinions_1_review
epinions_1_trust
epinions_1_useracct
farm_city
farm_competition_record
farm_farm
farm_farm_competition
film_rank_film
film_rank_film_market_estimation
film_rank_market
flight_1_aircraft
flight_1_certificate
flight_1_employee
flight_1_flight
flight_2_airlines
flight_2_airports
flight_2_flights
flight_4_airlines
flight_4_airports
flight_4_routes
flight_company_airport
flight_company_flight
flight_company_operate_company
formula_1_circuits
formula_1_constructorResults
formula_1_constructorStandings
formula_1_constructors
formula_1_driverStandings
formula_1_drivers
formula_1_lapTimes
formula_1_pitStops
formula_1_qualifying
formula_1_races
formula_1_results
formula_1_seasons
formula_1_status
game_1_Plays_Games
game_1_SportsInfo
game_1_Student
game_1_Video_Games
game_injury_game
game_injury_injury_accident
game_injury_stadium
gas_company_company
gas_company_gas_station
gas_company_station_company
geo_border_info
geo_city
geo_highlow
geo_lake
geo_mountain
geo_river
geo_state
gymnast_gymnast
gymnast_people
hospital_1_Affiliated_With
hospital_1_Appointment
hospital_1_Block
hospital_1_Department
hospital_1_Medication
hospital_1_Nurse
hospital_1_On_Call
hospital_1_Patient
hospital_1_Physician
hospital_1_Prescribes
hospital_1_Procedures
hospital_1_Room
hospital_1_Stay
hospital_1_Trained_In
hospital_1_Undergoes
hr_1_countries
hr_1_departments
hr_1_employees
hr_1_job_history
hr_1_jobs
hr_1_locations
hr_1_regions
icfp_1_Authors
icfp_1_Authorship
icfp_1_Inst
icfp_1_Papers
imdb_actor
imdb_cast
imdb_classification
imdb_company
imdb_copyright
imdb_directed_by
imdb_director
imdb_genre
imdb_keyword
imdb_made_by
imdb_movie
imdb_producer
imdb_tags
imdb_tv_series
imdb_writer
imdb_written_by
inn_1_Reservations
inn_1_Rooms
insurance_and_eClaims_Claim_Headers
insurance_and_eClaims_Claims_Documents
insurance_and_eClaims_Claims_Processing
insurance_and_eClaims_Claims_Processing_Stages
insurance_and_eClaims_Customers
insurance_and_eClaims_Policies
insurance_and_eClaims_Staff
insurance_fnol_Available_Policies
insurance_fnol_Claims
insurance_fnol_Customers
insurance_fnol_Customers_Policies
insurance_fnol_First_Notification_of_Loss
insurance_fnol_Services
insurance_fnol_Settlements
insurance_policies_Claims
insurance_policies_Customer_Policies
insurance_policies_Customers
insurance_policies_Payments
insurance_policies_Settlements
journal_committee_editor
journal_committee_journal
journal_committee_journal_committee
loan_1_bank
loan_1_customer
loan_1_loan
local_govt_and_lot_Customer_Event_Notes
local_govt_and_lot_Customer_Events
local_govt_and_lot_Customers
local_govt_and_lot_Organizations
local_govt_and_lot_Properties
local_govt_and_lot_Residents
local_govt_and_lot_Residents_Services
local_govt_and_lot_Services
local_govt_and_lot_Things
local_govt_and_lot_Timed_Locations_of_Things
local_govt_and_lot_Timed_Status_of_Things
local_govt_in_alabama_Events
local_govt_in_alabama_Participants
local_govt_in_alabama_Participants_in_Events
local_govt_in_alabama_Services
local_govt_mdm_Benefits_Overpayments
local_govt_mdm_Business_Rates
local_govt_mdm_CMI_Cross_References
local_govt_mdm_Council_Tax
local_govt_mdm_Customer_Master_Index
local_govt_mdm_Electoral_Register
local_govt_mdm_Parking_Fines
local_govt_mdm_Rent_Arrears
machine_repair_machine
machine_repair_repair
machine_repair_repair_assignment
machine_repair_technician
manufactory_1_Manufacturers
manufactory_1_Products
manufacturer_furniture
manufacturer_furniture_manufacte
manufacturer_manufacturer
match_season_country
match_season_match_season
match_season_player
match_season_team
medicine_enzyme_interaction_enzyme
medicine_enzyme_interaction_medicine
medicine_enzyme_interaction_medicine_enzyme_interaction
mountain_photos_camera_lens
mountain_photos_mountain
mountain_photos_photos
movie_1_Movie
movie_1_Rating
movie_1_Reviewer
museum_visit_museum
museum_visit_visit
museum_visit_visitor
music_1_artist
music_1_files
music_1_genre
music_1_song
music_2_Albums
music_2_Band
music_2_Instruments
music_2_Performance
music_2_Songs
music_2_Tracklists
music_2_Vocals
music_4_artist
music_4_music_festival
music_4_volume
musical_actor
musical_musical
network_1_Friend
network_1_Highschooler
network_1_Likes
network_2_Person
network_2_PersonFriend
news_report_event
news_report_journalist
news_report_news_report
orchestra_conductor
orchestra_orchestra
orchestra_performance
orchestra_show
party_host_host
party_host_party
party_host_party_host
party_people_member
party_people_party
party_people_party_events
party_people_region
performance_attendance_member
performance_attendance_member_attendance
performance_attendance_performance
perpetrator_people
perpetrator_perpetrator
pets_1_Has_Pet
pets_1_Pets
pets_1_Student
phone_1_chip_model
phone_1_phone
phone_1_screen_mode
phone_market_market
phone_market_phone
phone_market_phone_market
pilot_record_aircraft
pilot_record_pilot
pilot_record_pilot_record
poker_player_people
poker_player_poker_player
product_catalog_Attribute_Definitions
product_catalog_Catalog_Contents
product_catalog_Catalog_Contents_Additional_Attributes
product_catalog_Catalog_Structure
product_catalog_Catalogs
products_for_hire_Bookings
products_for_hire_Customers
products_for_hire_Discount_Coupons
products_for_hire_Payments
products_for_hire_Products_Booked
products_for_hire_Products_for_Hire
products_for_hire_View_Product_Availability
products_gen_characteristics_Characteristics
products_gen_characteristics_Product_Characteristics
products_gen_characteristics_Products
products_gen_characteristics_Ref_Characteristic_Types
products_gen_characteristics_Ref_Colors
products_gen_characteristics_Ref_Product_Categories
program_share_broadcast
program_share_broadcast_share
program_share_channel
program_share_program
protein_institute_Institution
protein_institute_building
protein_institute_protein
race_track_race
race_track_track
railway_manager
railway_railway
railway_railway_manage
railway_train
real_estate_properties_Other_Available_Features
real_estate_properties_Other_Property_Features
real_estate_properties_Properties
real_estate_properties_Ref_Feature_Types
real_estate_properties_Ref_Property_Types
restaurant_1_Restaurant
restaurant_1_Restaurant_Type
restaurant_1_Student
restaurant_1_Type_Of_Restaurant
restaurant_1_Visits_Restaurant
restaurants_GEOGRAPHIC
restaurants_LOCATION
restaurants_RESTAURANT
riding_club_club
riding_club_coach
riding_club_match_result
riding_club_player
riding_club_player_coach
roller_coaster_country
roller_coaster_roller_coaster
sakila_1_actor
sakila_1_address
sakila_1_category
sakila_1_city
sakila_1_country
sakila_1_customer
sakila_1_film
sakila_1_film_actor
sakila_1_film_category
sakila_1_film_text
sakila_1_inventory
sakila_1_language
sakila_1_payment
sakila_1_rental
sakila_1_staff
sakila_1_store
scholar_author
scholar_cite
scholar_dataset
scholar_journal
scholar_keyphrase
scholar_paper
scholar_paperDataset
scholar_paperKeyphrase
scholar_venue
scholar_writes
school_bus_driver
school_bus_school
school_bus_school_bus
school_finance_School
school_finance_budget
school_finance_endowment
school_player_player
school_player_school
school_player_school_details
school_player_school_performance
scientist_1_AssignedTo
scientist_1_Projects
scientist_1_Scientists
ship_1_Ship
ship_1_captain
ship_mission_mission
ship_mission_ship
shop_membership_branch
shop_membership_member
shop_membership_membership_register_branch
shop_membership_purchase
singer_singer
singer_song
small_bank_1_ACCOUNTS
small_bank_1_CHECKING
small_bank_1_SAVINGS
soccer_1_Country
soccer_1_League
soccer_1_Player
soccer_1_Player_Attributes
soccer_1_Team
soccer_1_Team_Attributes
soccer_1_sqlite_sequence
soccer_2_College
soccer_2_Player
soccer_2_Tryout
solvency_ii_Addresses
solvency_ii_Agreements
solvency_ii_Assets
solvency_ii_Assets_in_Events
solvency_ii_Channels
solvency_ii_Events
solvency_ii_Finances
solvency_ii_Locations
solvency_ii_Parties
solvency_ii_Parties_in_Events
solvency_ii_Products
solvency_ii_Products_in_Events
sports_competition_club
sports_competition_club_rank
sports_competition_competition
sports_competition_competition_result
sports_competition_player
station_weather_route
station_weather_station
station_weather_train
station_weather_weekly_weather
store_1_albums
store_1_artists
store_1_customers
store_1_employees
store_1_genres
store_1_invoice_lines
store_1_invoices
store_1_media_types
store_1_playlist_tracks
store_1_playlists
store_1_sqlite_sequence
store_1_tracks
store_product_district
store_product_product
store_product_store
store_product_store_district
store_product_store_product
storm_record_affected_region
storm_record_region
storm_record_storm
student_1_list
student_1_teachers
student_assessment_Addresses
student_assessment_Candidate_Assessments
student_assessment_Candidates
student_assessment_Courses
student_assessment_People
student_assessment_People_Addresses
student_assessment_Student_Course_Attendance
student_assessment_Student_Course_Registrations
student_assessment_Students
student_transcripts_tracking_Addresses
student_transcripts_tracking_Courses
student_transcripts_tracking_Degree_Programs
student_transcripts_tracking_Departments
student_transcripts_tracking_Sections
student_transcripts_tracking_Semesters
student_transcripts_tracking_Student_Enrolment
student_transcripts_tracking_Student_Enrolment_Courses
student_transcripts_tracking_Students
student_transcripts_tracking_Transcript_Contents
student_transcripts_tracking_Transcripts
swimming_event
swimming_record
swimming_stadium
swimming_swimmer
theme_gallery_artist
theme_gallery_exhibition
theme_gallery_exhibition_record
tracking_grants_for_research_Document_Types
tracking_grants_for_research_Documents
tracking_grants_for_research_Grants
tracking_grants_for_research_Organisation_Types
tracking_grants_for_research_Organisations
tracking_grants_for_research_Project_Outcomes
tracking_grants_for_research_Project_Staff
tracking_grants_for_research_Projects
tracking_grants_for_research_Research_Outcomes
tracking_grants_for_research_Research_Staff
tracking_grants_for_research_Staff_Roles
tracking_grants_for_research_Tasks
tracking_orders_Customers
tracking_orders_Invoices
tracking_orders_Order_Items
tracking_orders_Orders
tracking_orders_Products
tracking_orders_Shipment_Items
tracking_orders_Shipments
tracking_share_transactions_Investors
tracking_share_transactions_Lots
tracking_share_transactions_Purchases
tracking_share_transactions_Ref_Transaction_Types
tracking_share_transactions_Sales
tracking_share_transactions_Transactions
tracking_share_transactions_Transactions_Lots
tracking_software_problems_Problem_Category_Codes
tracking_software_problems_Problem_Log
tracking_software_problems_Problem_Status_Codes
tracking_software_problems_Problems
tracking_software_problems_Product
tracking_software_problems_Staff
train_station_station
train_station_train
train_station_train_station
tvshow_Cartoon
tvshow_TV_Channel
tvshow_TV_series
twitter_1_follows
twitter_1_tweets
twitter_1_user_profiles
university_basketball_basketball_match
university_basketball_university
voter_1_AREA_CODE_STATE
voter_1_CONTESTANTS
voter_1_VOTES
voter_2_Student
voter_2_Voting_record
wedding_church
wedding_people
wedding_wedding
wine_1_appellations
wine_1_grapes
wine_1_wine
workshop_paper_Acceptance
workshop_paper_submission
workshop_paper_workshop
world_1_city
world_1_country
world_1_countrylanguage
world_1_sqlite_sequence
wrestler_Elimination
wrestler_wrestler
wta_1_matches
wta_1_players
wta_1_rankings
yelp_business
yelp_category
yelp_checkin
yelp_neighbourhood
yelp_review
yelp_tip
yelp_user
